Mutation,Predicted
 V141M / Q167R ,0.439366409
 V141M / Q106W ,0.41897049
 V141M / Q154K ,0.411223508
 V141M / L303Q ,0.408051029
 V141M / E316S ,0.403715207
 V141M / Q295D ,0.402877935
 V141M / T158E ,0.397215273
 V141M / I109V ,0.395009262
 V141M / S157K ,0.394557156
 V141M / Q154P ,0.392701374
 V141M / L103V ,0.386322369
 V141M / Q295R ,0.383192589
 V141M / Q362R ,0.381266292
 V141M / E316P ,0.37989439
 V141M / G334A ,0.376085128
 V141M / E316K ,0.373507246
 V141M / R162K ,0.369112511
 V141M / T25D ,0.3675703
 V141M / A339L ,0.367561878
 V141M / R162Q ,0.367544655
 V141M / E48Q ,0.366176831
 V141M / S173N ,0.365028452
 V141M / Q154D ,0.364129931
 V141M / N366D ,0.363203286
 V141M / T25S ,0.360939335
 V141M / Q154S ,0.360710219
 V141M / Q154R ,0.358979953
 V141M / L320V ,0.358259058
V141M  /  V298L,0.356700443
 V141M / E316L ,0.356665689
 V141M / E404P ,0.356073918
 V141M / N366G ,0.351371327
 V141M / H161Q ,0.348191732
 V141M / R162A ,0.346060118
 V141M / L303S ,0.345137142
 V141M / K226G ,0.342604994
 V141M / E48K ,0.342402632
 V141M / E316N ,0.340303767
 V141M / S173D ,0.339651683
 V141M / T25P ,0.337873474
 V141M / E48P ,0.336950951
 V141M / E316T ,0.336494068
 V141M / T318N ,0.334879807
V141M  /  V298S,0.332548103
 V141M / R305Q ,0.332241368
 V141M / Q345G ,0.331371359
 V141M / E48D ,0.331358867
 V141M / T158A ,0.326865631
 V141M / E48R ,0.325618958
 V141M / S157P ,0.324331704
 V141M / Q154A ,0.323177879
 V141M / S173A ,0.322868009
 V141M / G7L ,0.322042427
 V141M / Q154T ,0.321119596
 V141M / G334S ,0.320637299
 V141M / L303G ,0.318669104
 V141M / T28Q ,0.31866329
 V141M / E316D ,0.318471516
 V141M / L103I ,0.317903389
V141M  /  V266R,0.317406798
 V141M / Q345D ,0.316389748
 V141M / S248A ,0.316156524
 V141M / A65L ,0.316156524
V141M  /  V266E,0.314165734
V141M  /  V266Q,0.314165734
V141M  /  V298D,0.313487872
 V141M / T318A ,0.312396235
 V141M / E316A ,0.312115533
 V141M / H161L ,0.309933305
 V141M / K319R ,0.308503312
 Q167R / Q106W ,0.307112426
 V141M / I15V ,0.305541252
 V141M / E48A ,0.305310033
 V141M / S315P ,0.303286421
 V141M / H161R ,0.301814705
 V141M / P19A ,0.301560531
 V141M / S173E ,0.300419684
 V141M / Q154H ,0.299386749
 Q167R / Q154K ,0.299365444
 V141M / E174T ,0.297973801
 V141M / S386A ,0.297973801
 V141M / H161T ,0.297638668
 Q167R / L303Q ,0.296192965
 V141M / N89E ,0.294889194
 V141M / T158Q ,0.294334308
 V141M / R162D ,0.293218149
 V141M / L303P ,0.293092843
 V141M / N89K ,0.292850237
 V141M / N89S ,0.292850237
V141M  /  V302E,0.292579667
 V141M / F210L ,0.292561874
 V141M / T158K ,0.292129749
 Q167R / E316S ,0.291857143
Q167R  /  Q295D,0.291019871
V141M  /  V298A,0.29038766
 V141M / A105V ,0.289817497
 V141M / Q106Y ,0.288934796
 V141M / R305G ,0.288297609
 V141M / N247Y ,0.285983914
Q167R  /  T158E,0.285357209
 V141M / Q416T ,0.284467485
 V141M / I189V ,0.284249447
V141M  /  V302D,0.283337964
 Q167R / I109V ,0.283151198
Q167R  /  S157K,0.282699092
 V141M / M9L ,0.281424745
 Q167R / Q154P ,0.28084331
Q106W  /  Q154K,0.278969525
 V141M / H433A ,0.276943332
 Q106W / L303Q ,0.275797046
 V141M / F82Y ,0.275691297
 Q167R / L103V ,0.274464305
 V141M / Q106R ,0.273176271
 Q106W / E316S ,0.271461224
Q167R  /  Q295R,0.271334525
Q106W  /  Q295D,0.270623952
Q167R  /  Q362R,0.269408228
L303Q  /  Q154K,0.268050064
 Q167R / E316P ,0.268036326
V141M  /  V302T,0.267680933
 V141M / N89Q ,0.266761232
Q106W  /  T158E,0.26496129
 V141M / R162E ,0.264854337
 V141M / R305T ,0.264741337
 Q167R / G334A ,0.264227064
 V141M / Q304G ,0.263872119
 V141M / F183L ,0.263872119
 Q154K / E316S ,0.263714242
Q154K  /  Q295D,0.26287697
 Q106W / I109V ,0.262755279
Q106W  /  S157K,0.262303173
 Q167R / E316K ,0.261649182
 V141M / H257G ,0.260840367
 L303Q / E316S ,0.260541762
Q106W  /  Q154P,0.260447391
L303Q  /  Q295D,0.259704491
Q167R  /  R162K,0.257254447
Q154K  /  T158E,0.257214308
Q167R  /  T25D,0.255712236
 Q167R / A339L ,0.255703814
Q167R  /  R162Q,0.25568659
 Q295D / E316S ,0.255368669
V141M  /  V302G,0.255149731
 Q154K / I109V ,0.255008297
Q154K  /  S157K,0.254556191
 Q167R / E48Q ,0.254318767
 Q106W / L103V ,0.254068386
L303Q  /  T158E,0.254041828
 V141M / Q106H ,0.253644259
Q167R  /  S173N,0.253170388
 Q167R / Q154D ,0.252271867
 L303Q / I109V ,0.251835818
 V141M / A339F ,0.251505965
L303Q  /  S157K,0.251383711
 Q167R / N366D ,0.251345222
Q106W  /  Q295R,0.250938607
E316S  /  T158E,0.249706007
L303Q  /  Q154P,0.249527929
Q167R  /  T25S,0.249081271
Q106W  /  Q362R,0.249012309
Q295D  /  T158E,0.248868735
 V141M / G324A ,0.248860185
 Q167R / Q154S ,0.248852154
 V141M / M380L ,0.248385559
 V141M / P19S ,0.248235555
 Q106W / E316P ,0.247640407
E316S  /  I109V,0.247499996
 Q167R / Q154R ,0.247121888
E316S  /  S157K,0.247047889
 Q295D / I109V ,0.246662724
 Q167R / L320V ,0.246400994
V141M  /  V302Q,0.246374911
 Q154K / L103V ,0.246321404
Q295D  /  S157K,0.246210618
 V141M / Q416S ,0.24604747
 V141M / G240A ,0.245917432
E316S  /  Q154P,0.245192108
Q167R  /  V298L,0.244842379
 Q167R / E316L ,0.244807625
 Q295D / Q154P ,0.244354836
 Q167R / E404P ,0.244215854
 V141M / H433V ,0.244145357
 V141M / H433Q ,0.244145357
 V141M / G7S ,0.243868826
 Q106W / G334A ,0.243831146
V141M  /  V266H,0.24337553
Q154K  /  Q295R,0.243191624
 L303Q / L103V ,0.243148925
 V141M / A262E ,0.241951302
 V141M / N51Q ,0.241951302
Q154K  /  Q362R,0.241265327
 Q106W / E316K ,0.241253263
I109V  /  T158E,0.241000062
S157K  /  T158E,0.240547955
L303Q  /  Q295R,0.240019145
 Q154K / E316P ,0.239893425
 Q167R / N366G ,0.239513263
 V141M / T225D ,0.239474597
E316S  /  L103V,0.238813103
 T158E / Q154P ,0.238692174
 V141M / F13L ,0.238679745
 V141M / G355A ,0.238679745
I109V  /  S157K,0.238341945
L303Q  /  Q362R,0.238092847
 Q295D / L103V ,0.237975831
Q106W  /  R162K,0.236858529
 L303Q / E316P ,0.236720945
 V141M / Q416A ,0.236500999
I109V  /  Q154P,0.236486163
 Q167R / H161Q ,0.236333668
 Q154K / G334A ,0.236084163
 S157K / Q154P ,0.236034056
E316S  /  Q295R,0.235683323
 V141M / T411A ,0.235370799
Q106W  /  T25D,0.235316317
 Q106W / A339L ,0.235307895
Q106W  /  R162Q,0.235290672
 V141M / D52Q ,0.234335782
Q167R  /  R162A,0.234202054
V141M  /  V266K,0.234133827
 Q106W / E48Q ,0.233922848
E316S  /  Q362R,0.233757026
 Q154K / E316K ,0.233506281
 Q167R / L303S ,0.233279078
 V141M / I15A ,0.233160088
Q295D  /  Q362R,0.232919754
 L303Q / G334A ,0.232911684
Q106W  /  S173N,0.232774469
 T158E / L103V ,0.232313169
 V141M / K306Q ,0.232023598
 V141M / I124L ,0.232023598
Q106W  /  Q154D,0.231875948
 Q295D / E316P ,0.231547852
 Q106W / N366D ,0.230949303
 Q167R / K226G ,0.23074693
 Q167R / E48K ,0.230544568
 L303Q / E316K ,0.230333801
I109V  /  L103V,0.230107158
 S157K / L103V ,0.229655052
 T158E / Q295R ,0.229183389
Q154K  /  R162K,0.229111546
Q106W  /  T25S,0.228685352
E316S  /  G334A,0.228575862
Q106W  /  Q154S,0.228456236
 Q167R / E316N ,0.228445703
 V141M / Q46N ,0.227925171
 Q154P / L103V ,0.22779927
Q167R  /  S173D,0.227793618
 Q295D / G334A ,0.227738591
Q154K  /  T25D,0.227569335
 Q154K / A339L ,0.227560913
Q154K  /  R162Q,0.227543689
 T158E / Q362R ,0.227257092
 V141M / P19T ,0.227091024
I109V  /  Q295R,0.226977378
V141M  /  V266P,0.226934917
Q106W  /  Q154R,0.22672597
 S157K / Q295R ,0.226525272
 Q154K / E48Q ,0.226175866
Q167R  /  T25P,0.22601541
 Q106W / L320V ,0.226005075
L303Q  /  R162K,0.225939067
 T158E / E316P ,0.225885189
 V141M / N221S ,0.225210821
 Q295D / E316K ,0.225160708
 Q167R / E48P ,0.225092886
I109V  /  Q362R,0.225051081
Q154K  /  S173N,0.225027487
Q154P  /  Q295R,0.22466949
 Q167R / E316T ,0.224636004
 S157K / Q362R ,0.224598974
Q106W  /  V298L,0.22444646
 Q106W / E316L ,0.224411706
L303Q  /  T25D,0.224396856
 L303Q / A339L ,0.224388433
L303Q  /  R162Q,0.22437121
 Q106W / E404P ,0.223819935
 I109V / E316P ,0.223679179
 S157K / E316P ,0.223227072
 Q154K / N366D ,0.223202321
Q167R  /  T318N,0.223021743
 L303Q / E48Q ,0.223003387
Q154P  /  Q362R,0.222743193
 T158E / G334A ,0.222075928
L303Q  /  S173N,0.221855007
 V141M / K139D ,0.221743359
E316S  /  R162K,0.221603245
 Q154P / E316P ,0.22137129
 V141M / G240S ,0.221215004
 V141M / A339M ,0.221157045
L303Q  /  Q154D,0.220956486
Q154K  /  T25S,0.22093837
Q295D  /  R162K,0.220765974
Q167R  /  V298S,0.220690039
Q167R  /  R305Q,0.220383304
E316S  /  T25D,0.220061034
 E316S / A339L ,0.220052612
E316S  /  R162Q,0.220035388
L303Q  /  N366D,0.220029842
 I109V / G334A ,0.219869917
Q167R  /  Q345G,0.219513295
 Q167R / E48D ,0.219500803
 T158E / E316K ,0.219498045
 S157K / G334A ,0.219417811
Q295D  /  T25D,0.219223762
 Q295D / A339L ,0.21921534
Q295D  /  R162Q,0.219198117
 Q106W / N366G ,0.219117344
E316S  /  E48Q,0.218667565
L103V  /  Q295R,0.218290485
 Q154K / L320V ,0.218258093
 V141M / G187Q ,0.218233866
 V141M / R31K ,0.218233866
 Q295D / E48Q ,0.217830293
L303Q  /  T25S,0.21776589
 Q154P / G334A ,0.217562029
L303Q  /  Q154S,0.217536774
E316S  /  S173N,0.217519185
 I109V / E316K ,0.217292035
 S157K / E316K ,0.216839928
Q154K  /  V298L,0.216699478
Q295D  /  S173N,0.216681914
 Q154K / E316L ,0.216664724
E316S  /  Q154D,0.216620664
L103V  /  Q362R,0.216364188
 Q154K / E404P ,0.216072953
 Q106W / H161Q ,0.215937749
L303Q  /  Q154R,0.215806508
 Q295D / Q154D ,0.215783393
E316S  /  N366D,0.21569402
 V141M / T193A ,0.215271621
 T158E / R162K ,0.215103311
L303Q  /  L320V,0.215085613
Q167R  /  T158A,0.215007567
 L103V / E316P ,0.214992286
 Q154P / E316K ,0.214984146
 Q295D / N366D ,0.214856748
Q106W  /  R162A,0.213806135
 Q167R / E48R ,0.213760894
T158E  /  T25D,0.2135611
 T158E / A339L ,0.213552678
 T158E / R162Q ,0.213535454
L303Q  /  V298L,0.213526998
 L303Q / E316L ,0.213492245
E316S  /  T25S,0.213430069
Q295R  /  Q362R,0.213234408
E316S  /  Q154S,0.213200952
 L303Q / E404P ,0.212900473
I109V  /  R162K,0.2128973
 Q106W / L303S ,0.212883159
Q295D  /  T25S,0.212592797
Q167R  /  S157P,0.21247364
 S157K / R162K ,0.212445194
 Q295D / Q154S ,0.212363681
 T158E / E48Q ,0.212167631
 Q295R / E316P ,0.211862506
E316S  /  Q154R,0.211470686
 Q154K / N366G ,0.211370362
I109V  /  T25D,0.211355089
 I109V / A339L ,0.211346667
I109V  /  R162Q,0.211329443
 Q167R / Q154A ,0.211319814
 L103V / G334A ,0.211183024
 T158E / S173N ,0.211019251
Q167R  /  S173A,0.211009945
S157K  /  T25D,0.210902983
 S157K / A339L ,0.21089456
 S157K / R162Q ,0.210877337
E316S  /  L320V,0.210749792
 Q295D / Q154R ,0.210633415
Q154P  /  R162K,0.210589412
 Q106W / K226G ,0.210351011
 Q167R / G7L ,0.210184363
 Q106W / E48K ,0.210148649
 T158E / Q154D ,0.21012073
 I109V / E48Q ,0.20996162
 Q362R / E316P ,0.209936208
 Q295D / L320V ,0.20991252
 S157K / E48Q ,0.209509513
 Q167R / Q154T ,0.209261531
 T158E / N366D ,0.209194086
E316S  /  V298L,0.209191177
Q154P  /  T25D,0.209047201
 Q154P / A339L ,0.209038779
Q154P  /  R162Q,0.209021555
I109V  /  S173N,0.20881324
 Q167R / G334S ,0.208779235
 L103V / E316K ,0.208605142
E316S  /  E404P,0.208564652
S157K  /  S173N,0.208361134
Q295D  /  V298L,0.208353905
 Q295D / E316L ,0.208319151
L303Q  /  N366G,0.208197883
 Q154K / H161Q ,0.208190767
 Q295R / G334A ,0.208053245
 Q106W / E316N ,0.208049784
I109V  /  Q154D,0.20791472
 Q295D / E404P ,0.20772738
 Q154P / E48Q ,0.207653732
 S157K / Q154D ,0.207462613
 V141M / K422Q ,0.207442691
Q106W  /  S173D,0.2073977
I109V  /  N366D,0.206988075
T158E  /  T25S,0.206930135
 Q167R / L303G ,0.20681104
Q167R  /  T28Q,0.206805226
 T158E / Q154S ,0.206701018
 Q167R / E316D ,0.206613452
 S157K / N366D ,0.206535969
Q154P  /  S173N,0.206505352
 Q362R / G334A ,0.206126947
Q154K  /  R162A,0.206059153
 Q167R / L103I ,0.206045325
 V141M / D52E ,0.206028073
Q106W  /  T25P,0.205619492
Q167R  /  V266R,0.205548733
 Q295R / E316K ,0.205475362
 Q154K / L303S ,0.205136177
 L303Q / H161Q ,0.205018287
 T158E / Q154R ,0.204970752
 G334A / E316P ,0.204755045
I109V  /  T25S,0.204724124
 Q106W / E48P ,0.204696968
 Q154P / N366D ,0.204680187
Q167R  /  Q345D,0.204531683
I109V  /  Q154S,0.204495007
 Q167R / A65L ,0.20429846
Q167R  /  S248A,0.20429846
S157K  /  T25S,0.204272017
 T158E / L320V ,0.204249858
 Q106W / E316T ,0.204240085
L103V  /  R162K,0.204210407
 S157K / Q154S ,0.204042901
E316S  /  N366G,0.203862061
 V141M / L201Q ,0.203754366
 Q362R / E316K ,0.203549064
 Q295D / N366G ,0.203024789
L303Q  /  R162A,0.202886673
 V141M / N247Q ,0.202818203
I109V  /  Q154R,0.202764741
T158E  /  V298L,0.202691243
L103V  /  T25D,0.202668196
 L103V / A339L ,0.202659774
 V141M / H433K ,0.202658239
 T158E / E316L ,0.202656489
L103V  /  R162Q,0.20264255
Q106W  /  T318N,0.202625824
 Q154K / K226G ,0.202604029
Q154P  /  T25S,0.202416236
 Q154K / E48K ,0.202401667
 S157K / Q154R ,0.202312635
Q167R  /  V266Q,0.20230767
Q167R  /  V266E,0.20230767
 T158E / E404P ,0.202064718
I109V  /  L320V,0.202043847
V141M  /  V302S,0.201802589
Q167R  /  V298D,0.201629807
 S157K / L320V ,0.20159174
 L103V / E48Q ,0.201274727
 V141M / A339V ,0.201273482
Q295R  /  R162K,0.201080628
E316S  /  H161Q,0.200682466
Q167R  /  T318A,0.20053817
I109V  /  V298L,0.200485232
 I109V / E316L ,0.200450478
 Q154K / E316N ,0.200302802
Q106W  /  V298S,0.20029412
 Q167R / E316A ,0.200257469
L103V  /  S173N,0.200126347
S157K  /  V298L,0.200033125
 S157K / E316L ,0.199998371
Q106W  /  R305Q,0.199987385
 I109V / E404P ,0.199858707
 Q295D / H161Q ,0.199845194
 Q154P / L320V ,0.199735959
Q154K  /  S173D,0.199650718
Q295R  /  T25D,0.199538416
 Q295R / A339L ,0.199529994
Q295R  /  R162Q,0.199512771
 L303Q / K226G ,0.199431549
 S157K / E404P ,0.1994066
 L303Q / E48K ,0.199229187
L103V  /  Q154D,0.199227827
Q362R  /  R162K,0.19915433
Q106W  /  Q345G,0.199117376
 Q106W / E48D ,0.199104884
E316S  /  R162A,0.198550851
 G334A / E316K ,0.198367901
L103V  /  N366D,0.198301182
Q154P  /  V298L,0.198177344
 Q295R / E48Q ,0.198144947
 Q154P / E316L ,0.19814259
 Q167R / H161L ,0.198075241
Q154K  /  T25P,0.197872509
E316P  /  R162K,0.197782428
Q295D  /  R162A,0.19771358
E316S  /  L303S,0.197627875
Q362R  /  T25D,0.197612119
 Q362R / A339L ,0.197603697
Q362R  /  R162Q,0.197586473
