Mutation,pred,PCR_template,PCR_template_well
V140T / L101I / T213S / V178E,0.763354533,V140T / L101I / T213S,A5
V140T / L101I / V178E / E206D,0.761790363,V140T / L101I / E206D,D6
V140T / L101I / T213S / E206D,0.757388703,V140T / L101I / T213S,A5
V140T / T213S / V178E / E206D,0.752686985,V140T / T213S / E206D,H1
V140T / L101I / V178E / V195H,0.749487887,V140T / L101I / V195H,A2
V140T / L101I / T213S / V195H,0.745086227,V140T / L101I / T213S,A5
V140T / L101I / V178E / D9A,0.744586134,V140T / L101I / D9A,A1
V140T / L101I / V195H / E206D,0.743522056,V140T / L101I / E206D,D6
V140T / L101I / V178E / R51Q,0.740474126,V140T / L101I / R51Q,G4
V140T / T213S / V178E / V195H,0.740384509,V140T / V195H / T213S,A8
V140T / L101I / T213S / D9A,0.740184474,V140T / L101I / T213S,A5
V140T / V178E / V195H / E206D,0.738820338,V140T / V195H / V178E,G3
V140T / L101I / E206D / D9A,0.738620304,V140T / L101I / E206D,D6
V140T / L101I / V178E / S63N,0.738337998,V140T / L101I / S63N,E11
V140T / L101I / V178E / E32N,0.737794723,V140T / L101I / E32N,F4
V140T / L101I / V178E / V204I,0.737230013,V140T / L101I / V204I,E2
V140T / L101I / V178E / E32K,0.736568569,V140T / L101I / E32K,A12
V140T / L101I / T213S / R51Q,0.736072466,V140T / L101I / T213S,A5
V140T / T213S / V178E / D9A,0.735482756,V140T / D9A / V178E,E7
V140T / L101I / E206D / R51Q,0.734508295,V140T / L101I / E206D,D6
V140T / T213S / V195H / E206D,0.734418678,V140T / T213S / E206D,H1
V140T / L101I / T213S / S63N,0.733936338,V140T / L101I / T213S,A5
V140T / V178E / E206D / D9A,0.733918586,V140T / D9A / V178E,E7
V140T / L101I / T213S / E32N,0.733393063,V140T / L101I / T213S,A5
V140T / L101I / T213S / V204I,0.732828353,V140T / L101I / T213S,A5
V140T / L101I / E206D / S63N,0.732372167,V140T / L101I / E206D,D6
V140T / L101I / T213S / E32K,0.732166909,V140T / L101I / T213S,A5
V140T / L101I / E206D / E32N,0.731828892,V140T / L101I / E206D,D6
V140T / L101I / E206D / V204I,0.731264182,V140T / L101I / E206D,D6
V140T / L101I / E206D / E32K,0.730602738,V140T / L101I / E206D,D6
V140T / T213S / E206D / D9A,0.729516926,V140T / T213S / E206D,H1
V140T / T213S / V178E / V204I,0.728126635,V140T / T213S / V204I,E8
V140T / T213S / V178E / E32K,0.727465191,V140T / T213S / E32K,C9
V140T / L101I / V178E / D9T,0.726720524,V140T / L101I / D9T,H2
V140T / L101I / V195H / D9A,0.726317828,V140T / L101I / V195H,A2
V140T / L101I / V178E / E32G,0.725773653,V140T / L101I / E32G,B9
V140T / T213S / E206D / R51Q,0.725404917,V140T / T213S / E206D,H1
V140T / T213S / E206D / S63N,0.723268789,V140T / T213S / E206D,H1
V140T / T213S / E206D / E32N,0.722725514,V140T / T213S / E206D,H1
V140T / L101I / T213S / D9T,0.722318864,V140T / L101I / T213S,A5
V140T / L101I / V195H / R51Q,0.722205819,V140T / L101I / V195H,A2
V140T / T213S / E206D / V204I,0.722160804,V140T / T213S / E206D,H1
V140T / V178E / V195H / D9A,0.72161611,V140T / V195H / V178E,G3
V140T / T213S / E206D / E32K,0.72149936,V140T / T213S / E206D,H1
V140T / L101I / T213S / E32G,0.721371993,V140T / L101I / T213S,A5
V140T / L101I / E206D / D9T,0.720754693,V140T / L101I / E206D,D6
V140T / L101I / V195H / S63N,0.720069691,V140T / L101I / V195H,A2
V140T / L101I / E206D / E32G,0.719807822,V140T / L101I / E206D,D6
V140T / L101I / V195H / E32N,0.719526416,V140T / L101I / V195H,A2
V140T / L101I / V178E / E43K,0.719086056,V140T / L101I / E43K,G7
V140T / L101I / V195H / V204I,0.718961706,V140T / L101I / V195H,A2
V140T / L101I / V195H / E32K,0.718300262,V140T / L101I / V195H,A2
V140T / V178E / V195H / R51Q,0.717504101,V140T / V195H / V178E,G3
V140T / L101I / D9A / R51Q,0.717304067,V140T / L101I / D9A,A1
V140T / T213S / V195H / D9A,0.71721445,V140T / V195H / T213S,A8
V140T / T213S / V178E / E32G,0.716670275,V140T / T213S / E32G,E1
V140T / V195H / E206D / D9A,0.715650279,V140T / V195H / E206D,E9
V140T / V178E / V195H / S63N,0.715367973,V140T / V195H / V178E,G3
V140T / L101I / D9A / S63N,0.715167939,V140T / L101I / D9A,A1
V140T / V178E / V195H / E32N,0.714824698,V140T / V195H / V178E,G3
V140T / L101I / T213S / E43K,0.714684396,V140T / L101I / T213S,A5
V140T / L101I / D9A / E32N,0.714624664,V140T / L101I / D9A,A1
V140T / V178E / V195H / V204I,0.714259989,V140T / V195H / V178E,G3
V140T / L101I / D9A / V204I,0.714059954,V140T / L101I / D9A,A1
V140T / V178E / V195H / E32K,0.713598544,V140T / V195H / V178E,G3
V140T / L101I / D9A / E32K,0.71339851,V140T / L101I / D9A,A1
V140T / L101I / E206D / E43K,0.713120225,V140T / L101I / E206D,D6
V140T / T213S / V195H / R51Q,0.713102441,V140T / V195H / T213S,A8
V140T / V178E / D9A / R51Q,0.712602349,V140T / D9A / V178E,E7
V140T / T213S / E206D / D9T,0.711651315,V140T / T213S / E206D,H1
V140T / L101I / V178E / T107L,0.711648404,V140T / L101I / T107L,C7
V140T / V195H / E206D / R51Q,0.71153827,V140T / V195H / E206D,E9
V140T / L101I / V178E / A102N,0.711212466,V140T / L101I / A102N,C4
V140T / L101I / R51Q / S63N,0.71105593,V140T / L101I / R51Q,G4
V140T / L101I / V178E / T130P,0.71104267,V140T / L101I / T130P,C12
V140T / T213S / V195H / S63N,0.710966313,V140T / V195H / T213S,A8
V140T / T213S / E206D / E32G,0.710704444,V140T / T213S / E206D,H1
V140T / L101I / R51Q / E32N,0.710512655,V140T / L101I / R51Q,G4
V140T / V178E / D9A / S63N,0.710466221,V140T / D9A / V178E,E7
V140T / T213S / V195H / E32N,0.710423038,V140T / V195H / T213S,A8
V140T / L101I / R51Q / V204I,0.709947946,V140T / L101I / R51Q,G4
V140T / V178E / D9A / E32N,0.709922946,V140T / D9A / V178E,E7
V140T / T213S / V195H / V204I,0.709858329,V140T / V195H / T213S,A8
V140T / V195H / E206D / S63N,0.709402142,V140T / V195H / E206D,E9
V140T / V178E / D9A / V204I,0.709358236,V140T / D9A / V178E,E7
V140T / L101I / R51Q / E32K,0.709286501,V140T / L101I / R51Q,G4
V140T / T213S / V195H / E32K,0.709196884,V140T / V195H / T213S,A8
V140T / V195H / E206D / E32N,0.708858867,V140T / V195H / E206D,E9
V140T / V178E / D9A / E32K,0.708696792,V140T / D9A / V178E,E7
V140T / L101I / V195H / D9T,0.708452217,V140T / L101I / V195H,A2
V140T / L101I / S63N / E32N,0.708376527,V140T / L101I / S63N,E11
V140T / V195H / E206D / V204I,0.708294158,V140T / V195H / E206D,E9
V140T / T213S / D9A / R51Q,0.708200689,V140T / D9A / T213S,A6
V140T / L101I / S63N / V204I,0.707811817,V140T / L101I / S63N,E11
V140T / V195H / E206D / E32K,0.707632713,V140T / V195H / E206D,E9
V140T / L101I / V195H / E32G,0.707505346,V140T / L101I / V195H,A2
