Mutation,pred
E316D / K226G / V141M,0.84541352
K226G / T25S / V141M,0.840198295
K226G / Q295D / V141M,0.839790262
K226G / S157K / V141M,0.839177954
K226G / L103V / V141M,0.835850285
A65L / K226G / V141M,0.834656645
E316S / K226G / V141M,0.834049382
K226G / Q362R / V141M,0.833866134
K226G / L303Q / V141M,0.82612353
E316D / T25S / V141M,0.824644968
E316D / Q295D / V141M,0.824236934
E316D / S157K / V141M,0.823624627
E316D / L103V / V141M,0.820296957
A65L / E316D / V141M,0.819103317
I15V / K226G / V141M,0.819100336
Q295D / T25S / V141M,0.81902171
S157K / T25S / V141M,0.818409402
E316D / Q362R / V141M,0.818312807
Q295D / S157K / V141M,0.818001368
L103V / T25S / V141M,0.815081732
L103V / Q295D / V141M,0.814673699
L103V / S157K / V141M,0.814061391
K226G / T25D / V141M,0.814057244
A65L / T25S / V141M,0.813888093
A65L / Q295D / V141M,0.813480059
E316S / T25S / V141M,0.813280829
Q362R / T25S / V141M,0.813097582
E316S / Q295D / V141M,0.812872796
A65L / S157K / V141M,0.812867751
Q295D / Q362R / V141M,0.812689548
K226G / T158E / V141M,0.812513624
E316S / S157K / V141M,0.812260488
Q362R / S157K / V141M,0.812077241
K226G / Q295R / V141M,0.811130627
E316D / L303Q / V141M,0.810570202
A65L / L103V / V141M,0.809540082
E316S / L103V / V141M,0.808932819
L103V / Q362R / V141M,0.808749571
A65L / E316S / V141M,0.807739179
A65L / Q362R / V141M,0.807555931
E316S / Q362R / V141M,0.806948668
K226G / T28Q / V141M,0.805713734
L303Q / T25S / V141M,0.805354978
L303Q / Q295D / V141M,0.804946944
I109V / K226G / V141M,0.804472302
L303Q / S157K / V141M,0.804334636
K226G / Q106W / V141M,0.803999928
E316D / I15V / V141M,0.803547008
E316P / K226G / V141M,0.801271268
L103V / L303Q / V141M,0.801006967
K226G / L303S / V141M,0.800939278
A65L / L303Q / V141M,0.799813327
E316S / L303Q / V141M,0.799206064
L303Q / Q362R / V141M,0.799022816
E316D / T25D / V141M,0.798503917
I15V / T25S / V141M,0.798331783
I15V / Q295D / V141M,0.79792375
E316K / K226G / V141M,0.797700892
I15V / S157K / V141M,0.797311442
E316D / T158E / V141M,0.796960296
E316D / Q295R / V141M,0.795577299
I15V / L103V / V141M,0.793983772
Q295D / T25D / V141M,0.792880658
A65L / I15V / V141M,0.792790133
S157K / T25D / V141M,0.792268351
E316S / I15V / V141M,0.79218287
I15V / Q362R / V141M,0.791999622
K226G / L303G / V141M,0.791837965
T158E / T25S / V141M,0.791745071
K226G / V141M / V266R,0.791607598
Q295D / T158E / V141M,0.791337038
S157K / T158E / V141M,0.79072473
Q295R / T25S / V141M,0.790362074
E316D / T28Q / V141M,0.790160406
Q295R / S157K / V141M,0.789341733
K226G / N366D / V141M,0.789034853
L103V / T25D / V141M,0.788940681
E316D / I109V / V141M,0.788918974
K226G / L303P / V141M,0.788688684
E316D / Q106W / V141M,0.7884466
K226G / S173N / V141M,0.787886802
A65L / T25D / V141M,0.787747041
L103V / T158E / V141M,0.78739706
E316S / T25D / V141M,0.787139778
Q362R / T25D / V141M,0.786956531
A65L / T158E / V141M,0.786203421
L103V / Q295R / V141M,0.786014063
E316S / T158E / V141M,0.785596158
Q362R / T158E / V141M,0.78541291
E316D / L303S / V141M,0.78538595
T25S / T28Q / V141M,0.784945181
A65L / Q295R / V141M,0.784820424
Q295D / T28Q / V141M,0.784537148
I15V / L303Q / V141M,0.784257018
E316S / Q295R / V141M,0.78421316
Q295R / Q362R / V141M,0.784029913