Mutation,Predicted
Q167R / V141M,0.439366409
Q106W / V141M,0.41897049
Q154K / V141M,0.411223508
L303Q / V141M,0.408051029
E316S / V141M,0.403715207
Q295D / V141M,0.402877935
T158E / V141M,0.397215273
I109V / V141M,0.395009262
S157K / V141M,0.394557156
Q154P / V141M,0.392701374
L103V / V141M,0.386322369
Q295R / V141M,0.383192589
Q362R / V141M,0.381266292
E316P / V141M,0.37989439
G334A / V141M,0.376085128
E316K / V141M,0.373507246
R162K / V141M,0.369112511
T25D / V141M,0.3675703
A339L / V141M,0.367561878
R162Q / V141M,0.367544655
E48Q / V141M,0.366176831
S173N / V141M,0.365028452
Q154D / V141M,0.364129931
N366D / V141M,0.363203286
T25S / V141M,0.360939335
Q154S / V141M,0.360710219
Q154R / V141M,0.358979953
L320V / V141M,0.358259058
V141M / V298L,0.356700443
E316L / V141M,0.356665689
E404P / V141M,0.356073918
N366G / V141M,0.351371327
H161Q / V141M,0.348191732
R162A / V141M,0.346060118
L303S / V141M,0.345137142
K226G / V141M,0.342604994
E48K / V141M,0.342402632
E316N / V141M,0.340303767
S173D / V141M,0.339651683
T25P / V141M,0.337873474
E48P / V141M,0.336950951
E316T / V141M,0.336494068
T318N / V141M,0.334879807
V141M / V298S,0.332548103
R305Q / V141M,0.332241368
Q345G / V141M,0.331371359
E48D / V141M,0.331358867
T158A / V141M,0.326865631
E48R / V141M,0.325618958
S157P / V141M,0.324331704
Q154A / V141M,0.323177879
S173A / V141M,0.322868009
G7L / V141M,0.322042427
Q154T / V141M,0.321119596
G334S / V141M,0.320637299
L303G / V141M,0.318669104
T28Q / V141M,0.31866329
E316D / V141M,0.318471516
L103I / V141M,0.317903389
V141M / V266R,0.317406798
Q345D / V141M,0.316389748
S248A / V141M,0.316156524
A65L / V141M,0.316156524
V141M / V266E,0.314165734
V141M / V266Q,0.314165734
V141M / V298D,0.313487872
T318A / V141M,0.312396235
E316A / V141M,0.312115533
H161L / V141M,0.309933305
K319R / V141M,0.308503312
Q106W / Q167R,0.307112426
I15V / V141M,0.305541252
E48A / V141M,0.305310033
S315P / V141M,0.303286421
H161R / V141M,0.301814705
P19A / V141M,0.301560531
S173E / V141M,0.300419684
Q154H / V141M,0.299386749
Q154K / Q167R,0.299365444
E174T / V141M,0.297973801
S386A / V141M,0.297973801
H161T / V141M,0.297638668
L303Q / Q167R,0.296192965
N89E / V141M,0.294889194
T158Q / V141M,0.294334308
R162D / V141M,0.293218149
L303P / V141M,0.293092843
N89K / V141M,0.292850237
N89S / V141M,0.292850237
V141M / V302E,0.292579667
F210L / V141M,0.292561874
T158K / V141M,0.292129749
E316S / Q167R,0.291857143
Q167R / Q295D,0.291019871
V141M / V298A,0.29038766
A105V / V141M,0.289817497
Q106Y / V141M,0.288934796
R305G / V141M,0.288297609
N247Y / V141M,0.285983914
Q167R / T158E,0.285357209
Q416T / V141M,0.284467485
I189V / V141M,0.284249447
V141M / V302D,0.283337964
I109V / Q167R,0.283151198
Q167R / S157K,0.282699092
M9L / V141M,0.281424745
Q154P / Q167R,0.28084331
Q106W / Q154K,0.278969525
H433A / V141M,0.276943332
L303Q / Q106W,0.275797046
F82Y / V141M,0.275691297
L103V / Q167R,0.274464305
Q106R / V141M,0.273176271
E316S / Q106W,0.271461224
Q167R / Q295R,0.271334525
Q106W / Q295D,0.270623952
Q167R / Q362R,0.269408228
L303Q / Q154K,0.268050064
E316P / Q167R,0.268036326
V141M / V302T,0.267680933
N89Q / V141M,0.266761232
Q106W / T158E,0.26496129
R162E / V141M,0.264854337
R305T / V141M,0.264741337
G334A / Q167R,0.264227064
Q304G / V141M,0.263872119
F183L / V141M,0.263872119
E316S / Q154K,0.263714242
Q154K / Q295D,0.26287697
I109V / Q106W,0.262755279
Q106W / S157K,0.262303173
E316K / Q167R,0.261649182
H257G / V141M,0.260840367
E316S / L303Q,0.260541762
Q106W / Q154P,0.260447391
L303Q / Q295D,0.259704491
Q167R / R162K,0.257254447
Q154K / T158E,0.257214308
Q167R / T25D,0.255712236
A339L / Q167R,0.255703814
Q167R / R162Q,0.25568659
E316S / Q295D,0.255368669
V141M / V302G,0.255149731
I109V / Q154K,0.255008297
Q154K / S157K,0.254556191
E48Q / Q167R,0.254318767
L103V / Q106W,0.254068386
L303Q / T158E,0.254041828
Q106H / V141M,0.253644259
Q167R / S173N,0.253170388
Q154D / Q167R,0.252271867
I109V / L303Q,0.251835818
A339F / V141M,0.251505965
L303Q / S157K,0.251383711
N366D / Q167R,0.251345222
Q106W / Q295R,0.250938607
E316S / T158E,0.249706007
L303Q / Q154P,0.249527929
Q167R / T25S,0.249081271
Q106W / Q362R,0.249012309
Q295D / T158E,0.248868735
G324A / V141M,0.248860185
Q154S / Q167R,0.248852154
M380L / V141M,0.248385559
P19S / V141M,0.248235555
E316P / Q106W,0.247640407
E316S / I109V,0.247499996
Q154R / Q167R,0.247121888
E316S / S157K,0.247047889
I109V / Q295D,0.246662724
L320V / Q167R,0.246400994
V141M / V302Q,0.246374911
L103V / Q154K,0.246321404
Q295D / S157K,0.246210618
Q416S / V141M,0.24604747
G240A / V141M,0.245917432
E316S / Q154P,0.245192108
Q167R / V298L,0.244842379
E316L / Q167R,0.244807625
Q154P / Q295D,0.244354836
E404P / Q167R,0.244215854
H433V / V141M,0.244145357
H433Q / V141M,0.244145357
G7S / V141M,0.243868826
G334A / Q106W,0.243831146
V141M / V266H,0.24337553
Q154K / Q295R,0.243191624
L103V / L303Q,0.243148925
A262E / V141M,0.241951302
N51Q / V141M,0.241951302
Q154K / Q362R,0.241265327
E316K / Q106W,0.241253263
I109V / T158E,0.241000062
S157K / T158E,0.240547955
L303Q / Q295R,0.240019145
E316P / Q154K,0.239893425
N366G / Q167R,0.239513263
T225D / V141M,0.239474597
E316S / L103V,0.238813103
Q154P / T158E,0.238692174
F13L / V141M,0.238679745
G355A / V141M,0.238679745
I109V / S157K,0.238341945
L303Q / Q362R,0.238092847
L103V / Q295D,0.237975831
Q106W / R162K,0.236858529
E316P / L303Q,0.236720945
Q416A / V141M,0.236500999
I109V / Q154P,0.236486163
H161Q / Q167R,0.236333668
G334A / Q154K,0.236084163
Q154P / S157K,0.236034056
E316S / Q295R,0.235683323
T411A / V141M,0.235370799
Q106W / T25D,0.235316317
A339L / Q106W,0.235307895
Q106W / R162Q,0.235290672
D52Q / V141M,0.234335782
Q167R / R162A,0.234202054
V141M / V266K,0.234133827
E48Q / Q106W,0.233922848
E316S / Q362R,0.233757026
E316K / Q154K,0.233506281
L303S / Q167R,0.233279078
I15A / V141M,0.233160088
Q295D / Q362R,0.232919754
G334A / L303Q,0.232911684
Q106W / S173N,0.232774469
L103V / T158E,0.232313169
K306Q / V141M,0.232023598
I124L / V141M,0.232023598
Q106W / Q154D,0.231875948
E316P / Q295D,0.231547852
N366D / Q106W,0.230949303
K226G / Q167R,0.23074693
E48K / Q167R,0.230544568
E316K / L303Q,0.230333801
I109V / L103V,0.230107158
L103V / S157K,0.229655052
Q295R / T158E,0.229183389
Q154K / R162K,0.229111546
Q106W / T25S,0.228685352
E316S / G334A,0.228575862
Q106W / Q154S,0.228456236
E316N / Q167R,0.228445703
Q46N / V141M,0.227925171
L103V / Q154P,0.22779927
Q167R / S173D,0.227793618
G334A / Q295D,0.227738591
Q154K / T25D,0.227569335
A339L / Q154K,0.227560913
Q154K / R162Q,0.227543689
Q362R / T158E,0.227257092
P19T / V141M,0.227091024
I109V / Q295R,0.226977378
V141M / V266P,0.226934917
Q106W / Q154R,0.22672597
Q295R / S157K,0.226525272
E48Q / Q154K,0.226175866
Q167R / T25P,0.22601541
L320V / Q106W,0.226005075
L303Q / R162K,0.225939067
E316P / T158E,0.225885189
N221S / V141M,0.225210821
E316K / Q295D,0.225160708
E48P / Q167R,0.225092886
I109V / Q362R,0.225051081
Q154K / S173N,0.225027487
Q154P / Q295R,0.22466949
E316T / Q167R,0.224636004
Q362R / S157K,0.224598974
Q106W / V298L,0.22444646
E316L / Q106W,0.224411706
L303Q / T25D,0.224396856
A339L / L303Q,0.224388433
L303Q / R162Q,0.22437121
E404P / Q106W,0.223819935
E316P / I109V,0.223679179
E316P / S157K,0.223227072
N366D / Q154K,0.223202321
Q167R / T318N,0.223021743
E48Q / L303Q,0.223003387
Q154P / Q362R,0.222743193
G334A / T158E,0.222075928
L303Q / S173N,0.221855007
K139D / V141M,0.221743359
E316S / R162K,0.221603245
E316P / Q154P,0.22137129
G240S / V141M,0.221215004
A339M / V141M,0.221157045
L303Q / Q154D,0.220956486
Q154K / T25S,0.22093837
Q295D / R162K,0.220765974
Q167R / V298S,0.220690039
Q167R / R305Q,0.220383304
E316S / T25D,0.220061034
A339L / E316S,0.220052612
E316S / R162Q,0.220035388
L303Q / N366D,0.220029842
G334A / I109V,0.219869917
Q167R / Q345G,0.219513295
E48D / Q167R,0.219500803
E316K / T158E,0.219498045
G334A / S157K,0.219417811
Q295D / T25D,0.219223762
A339L / Q295D,0.21921534
Q295D / R162Q,0.219198117
N366G / Q106W,0.219117344
E316S / E48Q,0.218667565
L103V / Q295R,0.218290485
L320V / Q154K,0.218258093
G187Q / V141M,0.218233866
R31K / V141M,0.218233866
E48Q / Q295D,0.217830293
L303Q / T25S,0.21776589
G334A / Q154P,0.217562029
L303Q / Q154S,0.217536774
E316S / S173N,0.217519185
E316K / I109V,0.217292035
E316K / S157K,0.216839928
Q154K / V298L,0.216699478
Q295D / S173N,0.216681914
E316L / Q154K,0.216664724
E316S / Q154D,0.216620664
L103V / Q362R,0.216364188
E404P / Q154K,0.216072953
H161Q / Q106W,0.215937749
L303Q / Q154R,0.215806508
Q154D / Q295D,0.215783393
E316S / N366D,0.21569402
T193A / V141M,0.215271621
R162K / T158E,0.215103311
L303Q / L320V,0.215085613
Q167R / T158A,0.215007567
E316P / L103V,0.214992286
E316K / Q154P,0.214984146
N366D / Q295D,0.214856748
Q106W / R162A,0.213806135
E48R / Q167R,0.213760894
T158E / T25D,0.2135611
A339L / T158E,0.213552678
R162Q / T158E,0.213535454
L303Q / V298L,0.213526998
E316L / L303Q,0.213492245
E316S / T25S,0.213430069
Q295R / Q362R,0.213234408
E316S / Q154S,0.213200952
E404P / L303Q,0.212900473
I109V / R162K,0.2128973
L303S / Q106W,0.212883159
Q295D / T25S,0.212592797
Q167R / S157P,0.21247364
R162K / S157K,0.212445194
Q154S / Q295D,0.212363681
E48Q / T158E,0.212167631
E316P / Q295R,0.211862506
E316S / Q154R,0.211470686
N366G / Q154K,0.211370362
I109V / T25D,0.211355089
A339L / I109V,0.211346667
I109V / R162Q,0.211329443
Q154A / Q167R,0.211319814
G334A / L103V,0.211183024
S173N / T158E,0.211019251
Q167R / S173A,0.211009945
S157K / T25D,0.210902983
A339L / S157K,0.21089456
R162Q / S157K,0.210877337
E316S / L320V,0.210749792
Q154R / Q295D,0.210633415
Q154P / R162K,0.210589412
K226G / Q106W,0.210351011
G7L / Q167R,0.210184363
E48K / Q106W,0.210148649
Q154D / T158E,0.21012073
E48Q / I109V,0.20996162
E316P / Q362R,0.209936208
L320V / Q295D,0.20991252
E48Q / S157K,0.209509513
Q154T / Q167R,0.209261531
N366D / T158E,0.209194086
E316S / V298L,0.209191177
Q154P / T25D,0.209047201
A339L / Q154P,0.209038779
Q154P / R162Q,0.209021555
I109V / S173N,0.20881324
G334S / Q167R,0.208779235
E316K / L103V,0.208605142
E316S / E404P,0.208564652
S157K / S173N,0.208361134
Q295D / V298L,0.208353905
E316L / Q295D,0.208319151
L303Q / N366G,0.208197883
H161Q / Q154K,0.208190767
G334A / Q295R,0.208053245
E316N / Q106W,0.208049784
I109V / Q154D,0.20791472
E404P / Q295D,0.20772738
E48Q / Q154P,0.207653732
Q154D / S157K,0.207462613
K422Q / V141M,0.207442691
Q106W / S173D,0.2073977
I109V / N366D,0.206988075
T158E / T25S,0.206930135
L303G / Q167R,0.20681104
Q167R / T28Q,0.206805226
Q154S / T158E,0.206701018
E316D / Q167R,0.206613452
N366D / S157K,0.206535969
Q154P / S173N,0.206505352
G334A / Q362R,0.206126947
Q154K / R162A,0.206059153
L103I / Q167R,0.206045325
D52E / V141M,0.206028073
Q106W / T25P,0.205619492
Q167R / V266R,0.205548733
E316K / Q295R,0.205475362
L303S / Q154K,0.205136177
H161Q / L303Q,0.205018287
Q154R / T158E,0.204970752
E316P / G334A,0.204755045
I109V / T25S,0.204724124
E48P / Q106W,0.204696968
N366D / Q154P,0.204680187
Q167R / Q345D,0.204531683
I109V / Q154S,0.204495007
A65L / Q167R,0.20429846
Q167R / S248A,0.20429846
S157K / T25S,0.204272017
L320V / T158E,0.204249858
E316T / Q106W,0.204240085
L103V / R162K,0.204210407
Q154S / S157K,0.204042901
E316S / N366G,0.203862061
L201Q / V141M,0.203754366
E316K / Q362R,0.203549064
N366G / Q295D,0.203024789
L303Q / R162A,0.202886673
N247Q / V141M,0.202818203
I109V / Q154R,0.202764741
T158E / V298L,0.202691243
L103V / T25D,0.202668196
A339L / L103V,0.202659774
H433K / V141M,0.202658239
E316L / T158E,0.202656489
L103V / R162Q,0.20264255
Q106W / T318N,0.202625824
K226G / Q154K,0.202604029
Q154P / T25S,0.202416236
E48K / Q154K,0.202401667
Q154R / S157K,0.202312635
Q167R / V266Q,0.20230767
Q167R / V266E,0.20230767
E404P / T158E,0.202064718
I109V / L320V,0.202043847
V141M / V302S,0.201802589
Q167R / V298D,0.201629807
L320V / S157K,0.20159174
E48Q / L103V,0.201274727
A339V / V141M,0.201273482
Q295R / R162K,0.201080628
E316S / H161Q,0.200682466
Q167R / T318A,0.20053817
I109V / V298L,0.200485232
E316L / I109V,0.200450478
E316N / Q154K,0.200302802
Q106W / V298S,0.20029412
E316A / Q167R,0.200257469
L103V / S173N,0.200126347
S157K / V298L,0.200033125
E316L / S157K,0.199998371
Q106W / R305Q,0.199987385
E404P / I109V,0.199858707
H161Q / Q295D,0.199845194
L320V / Q154P,0.199735959
Q154K / S173D,0.199650718
Q295R / T25D,0.199538416
A339L / Q295R,0.199529994
Q295R / R162Q,0.199512771
K226G / L303Q,0.199431549
E404P / S157K,0.1994066
E48K / L303Q,0.199229187
L103V / Q154D,0.199227827
Q362R / R162K,0.19915433
Q106W / Q345G,0.199117376
E48D / Q106W,0.199104884
E316S / R162A,0.198550851
E316K / G334A,0.198367901
L103V / N366D,0.198301182
Q154P / V298L,0.198177344
E48Q / Q295R,0.198144947
E316L / Q154P,0.19814259
H161L / Q167R,0.198075241
Q154K / T25P,0.197872509
E316P / R162K,0.197782428
Q295D / R162A,0.19771358
E316S / L303S,0.197627875
Q362R / T25D,0.197612119
A339L / Q362R,0.197603697
Q362R / R162Q,0.197586473